{"cameraMode":{"drawMode":0,"name":"Shaded","section":"Shading Mode"},"sceneLighting":false,"audioPlay":false,"sceneViewState":{"m_AlwaysRefresh":false,"showFog":false,"showSkybox":false,"showFlares":false,"showImageEffects":false,"showParticleSystems":false,"showVisualEffectGraphs":true,"m_FxEnabled":true},"in2DMode":false,"pivot":{"x":0.2183564305305481,"y":-0.7801747918128967,"z":-11.724691390991211},"rotation":{"x":-0.00026399813941679895,"y":0.996612548828125,"z":-0.0833243727684021,"w":-0.009510942734777928},"size":6.793661594390869,"orthographic":false}