{"cameraMode":{"drawMode":0,"name":"Shaded","section":"Shading Mode"},"sceneLighting":false,"audioPlay":false,"sceneViewState":{"m_AlwaysRefresh":false,"showFog":true,"showSkybox":false,"showFlares":true,"showImageEffects":true,"showParticleSystems":true,"showVisualEffectGraphs":true,"m_FxEnabled":true},"in2DMode":false,"pivot":{"x":0.7076510190963745,"y":0.44318270683288576,"z":0.20502205193042756},"rotation":{"x":0.16446137428283692,"y":0.5521273612976074,"z":-0.11215214431285858,"w":0.809651792049408},"size":0.9720983505249023,"orthographic":false}