{"cameraMode":{"drawMode":0,"name":"Shaded","section":"Shading Mode"},"sceneLighting":false,"audioPlay":false,"sceneViewState":{"m_AlwaysRefresh":false,"showFog":true,"showSkybox":false,"showFlares":true,"showImageEffects":true,"showParticleSystems":true,"showVisualEffectGraphs":true,"m_FxEnabled":true},"in2DMode":false,"pivot":{"x":0.5537099838256836,"y":0.3196521997451782,"z":0.031597599387168887},"rotation":{"x":0.17498210072517396,"y":0.5095036029815674,"z":-0.10668108612298966,"w":0.8357099890708923},"size":0.32061854004859927,"orthographic":false}