{"cameraMode":{"drawMode":0,"name":"Shaded","section":"Shading Mode"},"sceneLighting":false,"audioPlay":false,"sceneViewState":{"m_AlwaysRefresh":false,"showFog":true,"showSkybox":false,"showFlares":true,"showImageEffects":true,"showParticleSystems":true,"showVisualEffectGraphs":true,"m_FxEnabled":true},"in2DMode":false,"pivot":{"x":-0.013685941696166993,"y":0.09607911109924317,"z":-0.007260560989379883},"rotation":{"x":-0.20912161469459535,"y":0.6791382431983948,"z":-0.21165327727794648,"w":-0.6710178256034851},"size":2.1281068325042726,"orthographic":false}