{"cameraMode":{"drawMode":0,"name":"Shaded","section":"Shading Mode"},"sceneLighting":false,"audioPlay":false,"sceneViewState":{"m_AlwaysRefresh":false,"showFog":true,"showSkybox":false,"showFlares":true,"showImageEffects":true,"showParticleSystems":true,"showVisualEffectGraphs":true,"m_FxEnabled":true},"in2DMode":false,"pivot":{"x":952.901123046875,"y":445.6084289550781,"z":1460.906494140625},"rotation":{"x":0.029106605798006059,"y":0.0038184819277375938,"z":0.00005876433351659216,"w":0.9996710419654846},"size":1008.9607543945313,"orthographic":false}