{"cameraMode":{"drawMode":0,"name":"Shaded","section":"Shading Mode"},"sceneLighting":false,"audioPlay":false,"sceneViewState":{"m_AlwaysRefresh":false,"showFog":true,"showSkybox":false,"showFlares":true,"showImageEffects":true,"showParticleSystems":true,"showVisualEffectGraphs":true,"m_FxEnabled":true},"in2DMode":false,"pivot":{"x":-0.45397666096687319,"y":2.2754223346710207,"z":0.2793624699115753},"rotation":{"x":-0.21816681325435639,"y":-0.7089838981628418,"z":0.24838018417358399,"w":-0.6230377554893494},"size":0.715935230255127,"orthographic":false}