{"cameraMode":{"drawMode":0,"name":"Shaded","section":"Shading Mode"},"sceneLighting":true,"audioPlay":false,"sceneViewState":{"m_AlwaysRefresh":false,"showFog":true,"showSkybox":false,"showFlares":true,"showImageEffects":true,"showParticleSystems":true,"showVisualEffectGraphs":true,"m_FxEnabled":true},"in2DMode":false,"pivot":{"x":0.3429551422595978,"y":0.32329025864601138,"z":0.19581928849220277},"rotation":{"x":0.0035622778814285995,"y":0.9732089042663574,"z":-0.23031501471996308,"w":0.03613756224513054},"size":0.8131968379020691,"orthographic":false}