{"cameraMode":{"drawMode":0,"name":"Shaded","section":"Shading Mode"},"sceneLighting":false,"audioPlay":false,"sceneViewState":{"m_AlwaysRefresh":false,"showFog":true,"showSkybox":false,"showFlares":true,"showImageEffects":true,"showParticleSystems":true,"showVisualEffectGraphs":true,"m_FxEnabled":true},"in2DMode":false,"pivot":{"x":0.7580753564834595,"y":2.045631170272827,"z":0.4117344617843628},"rotation":{"x":0.009762024506926537,"y":-0.8370136618614197,"z":0.015133863314986229,"w":0.5470845699310303},"size":0.8660253882408142,"orthographic":false}