{"cameraMode":{"drawMode":0,"name":"Shaded","section":"Shading Mode"},"sceneLighting":false,"audioPlay":false,"sceneViewState":{"m_AlwaysRefresh":false,"showFog":true,"showSkybox":false,"showFlares":true,"showImageEffects":true,"showParticleSystems":true,"showVisualEffectGraphs":true,"m_FxEnabled":true},"in2DMode":false,"pivot":{"x":0.7977850437164307,"y":-0.11250066012144089,"z":0.46506577730178835},"rotation":{"x":0.17498210072517396,"y":0.5095036029815674,"z":-0.10668108612298966,"w":0.8357099890708923},"size":0.48742812871932986,"orthographic":false}