{"cameraMode":{"drawMode":0,"name":"Shaded","section":"Shading Mode"},"sceneLighting":false,"audioPlay":false,"sceneViewState":{"m_AlwaysRefresh":false,"showFog":true,"showSkybox":false,"showFlares":true,"showImageEffects":true,"showParticleSystems":true,"showVisualEffectGraphs":true,"m_FxEnabled":true},"in2DMode":false,"pivot":{"x":5.987292766571045,"y":0.29762765765190127,"z":2.3521478176116945},"rotation":{"x":0.0405401885509491,"y":0.9553883671760559,"z":-0.24722197651863099,"w":0.15678319334983827},"size":1.857277274131775,"orthographic":false}