{"cameraMode":{"drawMode":0,"name":"Shaded","section":"Shading Mode"},"sceneLighting":false,"audioPlay":false,"sceneViewState":{"m_AlwaysRefresh":false,"showFog":true,"showSkybox":false,"showFlares":true,"showImageEffects":true,"showParticleSystems":true,"showVisualEffectGraphs":true,"m_FxEnabled":true},"in2DMode":false,"pivot":{"x":-2.5458459854125978,"y":-10.827630043029786,"z":-17.602968215942384},"rotation":{"x":-0.005144380033016205,"y":0.9719389081001282,"z":-0.23445934057235719,"w":-0.021237725391983987},"size":14.729851722717286,"orthographic":false}