{"cameraMode":{"drawMode":0,"name":"Shaded","section":"Shading Mode"},"sceneLighting":false,"audioPlay":false,"sceneViewState":{"m_AlwaysRefresh":false,"showFog":true,"showSkybox":false,"showFlares":true,"showImageEffects":true,"showParticleSystems":true,"showVisualEffectGraphs":true,"m_FxEnabled":true},"in2DMode":false,"pivot":{"x":-1.1434249877929688,"y":-0.10622596740722656,"z":99.48839569091797},"rotation":{"x":0.1448342353105545,"y":0.07941529154777527,"z":-0.011640340089797974,"w":0.9862651228904724},"size":3.644152879714966,"orthographic":false}