{"cameraMode":{"drawMode":0,"name":"Shaded","section":"Shading Mode"},"sceneLighting":false,"audioPlay":false,"sceneViewState":{"m_AlwaysRefresh":false,"showFog":true,"showSkybox":false,"showFlares":true,"showImageEffects":true,"showParticleSystems":true,"showVisualEffectGraphs":true,"m_FxEnabled":true},"in2DMode":false,"pivot":{"x":0.024515271186828615,"y":0.8674535751342773,"z":-0.007706671953201294},"rotation":{"x":0.017198992893099786,"y":0.9687339067459106,"z":-0.23262926936149598,"w":0.09295260161161423},"size":1.0038366317749024,"orthographic":false}