{"cameraMode":{"drawMode":0,"name":"Shaded","section":"Shading Mode"},"sceneLighting":false,"audioPlay":false,"sceneViewState":{"m_AlwaysRefresh":false,"showFog":true,"showSkybox":false,"showFlares":true,"showImageEffects":true,"showParticleSystems":true,"showVisualEffectGraphs":true,"m_FxEnabled":true},"in2DMode":false,"pivot":{"x":-0.01862262189388275,"y":0.35876137018203738,"z":0.05738368630409241},"rotation":{"x":0.017198992893099786,"y":0.9687339067459106,"z":-0.23262926936149598,"w":0.09295260161161423},"size":0.6251469254493713,"orthographic":false}