{"cameraMode":{"drawMode":0,"name":"Shaded","section":"Shading Mode"},"sceneLighting":false,"audioPlay":false,"sceneViewState":{"m_AlwaysRefresh":false,"showFog":true,"showSkybox":false,"showFlares":true,"showImageEffects":true,"showParticleSystems":true,"showVisualEffectGraphs":true,"m_FxEnabled":true},"in2DMode":false,"pivot":{"x":-0.20386023819446565,"y":2.0974884033203127,"z":3.3532204627990724},"rotation":{"x":0.002447082893922925,"y":-0.997003436088562,"z":0.06652387231588364,"w":0.04271578788757324},"size":1.312319278717041,"orthographic":false}