{"cameraMode":{"drawMode":0,"name":"Shaded","section":"Shading Mode"},"sceneLighting":false,"audioPlay":false,"sceneViewState":{"m_AlwaysRefresh":false,"showFog":true,"showSkybox":false,"showFlares":true,"showImageEffects":true,"showParticleSystems":true,"showVisualEffectGraphs":true,"m_FxEnabled":true},"in2DMode":false,"pivot":{"x":0.009957798756659031,"y":0.25324514508247378,"z":-2.0114266872406008},"rotation":{"x":0.30623194575309756,"y":-0.6282856464385986,"z":0.295401394367218,"w":0.6513214707374573},"size":1.9245493412017823,"orthographic":false}