{"cameraMode":{"drawMode":0,"name":"Shaded","section":"Shading Mode"},"sceneLighting":false,"audioPlay":false,"sceneViewState":{"m_AlwaysRefresh":false,"showFog":true,"showSkybox":false,"showFlares":true,"showImageEffects":true,"showParticleSystems":true,"showVisualEffectGraphs":true,"m_FxEnabled":true},"in2DMode":false,"pivot":{"x":-1.2616640329360963,"y":2.406367778778076,"z":8.993685722351075},"rotation":{"x":-0.0032170931808650495,"y":-0.9801698923110962,"z":0.1951451450586319,"w":-0.04939644783735275},"size":2.3517746925354006,"orthographic":false}