{"cameraMode":{"drawMode":0,"name":"Shaded","section":"Shading Mode"},"sceneLighting":false,"audioPlay":false,"sceneViewState":{"m_AlwaysRefresh":false,"showFog":true,"showSkybox":false,"showFlares":true,"showImageEffects":true,"showParticleSystems":true,"showVisualEffectGraphs":true,"m_FxEnabled":true},"in2DMode":false,"pivot":{"x":0.07320108264684677,"y":0.9393089413642883,"z":2.039842128753662},"rotation":{"x":0.2222578376531601,"y":-0.005005589686334133,"z":0.001392809790559113,"w":0.9750910997390747},"size":2.736112117767334,"orthographic":false}