{"cameraMode":{"drawMode":0,"name":"Shaded","section":"Shading Mode"},"sceneLighting":false,"audioPlay":false,"sceneViewState":{"m_AlwaysRefresh":false,"showFog":true,"showSkybox":false,"showFlares":true,"showImageEffects":true,"showParticleSystems":true,"showVisualEffectGraphs":true,"m_FxEnabled":true},"in2DMode":false,"pivot":{"x":0.014374852180480957,"y":0.009478449821472168,"z":0.14119482040405274},"rotation":{"x":-0.20912161469459535,"y":0.6791382431983948,"z":-0.21165327727794648,"w":-0.6710178256034851},"size":2.336740493774414,"orthographic":false}