{"cameraMode":{"drawMode":0,"name":"Shaded","section":"Shading Mode"},"sceneLighting":false,"audioPlay":false,"sceneViewState":{"m_AlwaysRefresh":false,"showFog":false,"showSkybox":false,"showFlares":false,"showImageEffects":false,"showParticleSystems":false,"showVisualEffectGraphs":true,"m_FxEnabled":true},"in2DMode":false,"pivot":{"x":-0.06920624524354935,"y":-0.14673709869384767,"z":-0.07189168035984039},"rotation":{"x":0.006668978836387396,"y":-0.989721417427063,"z":0.13443684577941895,"w":0.04900353029370308},"size":1.7383135557174683,"orthographic":false}