{"cameraMode":{"drawMode":0,"name":"Shaded","section":"Shading Mode"},"sceneLighting":false,"audioPlay":false,"sceneViewState":{"m_AlwaysRefresh":false,"showFog":true,"showSkybox":false,"showFlares":true,"showImageEffects":true,"showParticleSystems":true,"showVisualEffectGraphs":true,"m_FxEnabled":true},"in2DMode":false,"pivot":{"x":0.0769662857055664,"y":-0.058226823806762698,"z":0.005167126655578613},"rotation":{"x":-0.20912161469459535,"y":0.6791382431983948,"z":-0.21165327727794648,"w":-0.6710178256034851},"size":2.144355058670044,"orthographic":false}