{"cameraMode":{"drawMode":0,"name":"Shaded","section":"Shading Mode"},"sceneLighting":true,"audioPlay":false,"sceneViewState":{"m_AlwaysRefresh":false,"showFog":true,"showSkybox":true,"showFlares":true,"showImageEffects":true,"showParticleSystems":true,"showVisualEffectGraphs":true,"m_FxEnabled":true},"in2DMode":false,"pivot":{"x":153.3793487548828,"y":85.75987243652344,"z":-88.77249908447266},"rotation":{"x":0.15203572809696198,"y":0.03332352638244629,"z":0.004956179764121771,"w":-0.9879124760627747},"size":42.661041259765628,"orthographic":false}