{"cameraMode":{"drawMode":0,"name":"Shaded","section":"Shading Mode"},"sceneLighting":true,"audioPlay":false,"sceneViewState":{"m_AlwaysRefresh":false,"showFog":true,"showSkybox":true,"showFlares":true,"showImageEffects":true,"showParticleSystems":true,"showVisualEffectGraphs":true,"m_FxEnabled":true},"in2DMode":false,"pivot":{"x":15.796972274780274,"y":-52.97137451171875,"z":120.90299224853516},"rotation":{"x":-0.17418530583381654,"y":-0.04807639867067337,"z":0.014912120997905732,"w":-0.9840667247772217},"size":88.27823638916016,"orthographic":false}