{"cameraMode":{"drawMode":0,"name":"Shaded","section":"Shading Mode"},"sceneLighting":false,"audioPlay":false,"sceneViewState":{"m_AlwaysRefresh":false,"showFog":true,"showSkybox":false,"showFlares":true,"showImageEffects":true,"showParticleSystems":true,"showVisualEffectGraphs":true,"m_FxEnabled":true},"in2DMode":false,"pivot":{"x":0.8160212635993958,"y":0.6058449745178223,"z":-0.7463952302932739},"rotation":{"x":0.19858363270759583,"y":0.13622023165225984,"z":-0.027883363887667657,"w":0.9701735973358154},"size":0.5717810392379761,"orthographic":false}